[
    {
        "webVideoUrl": "https://www.tiktok.com/@anthoandkarl/video/7263854672803368224",
        "mediaUrls/0": "https://api.apify.com/v2/key-value-stores/1h9dS29THkxlsNlN6/records/video-anthoandka-20230805150606-7263854672803368224",
        "authorMeta/heart": 293800,
        "shareCount": 14,
        "commentCount": 26,
        "playCount": 53200,
        "videoMeta/duration": 217,
        "searchHashtag/name": "ecigarette",
        "Desc.": "The video demonstrates how to install a hairline repair kit for metal jewelry. The video starts with a table on a white tabletop with a black plastic and metal hair tie. Then, a person prepares to install a hairline repair kit for metal jewelry. The person uses a brush to clean the metal. Next, the person uses a flathead screwdriver to attach the hairline repair kit to the metal. Finally, the person turns the screw to complete the installation. Throughout the video, there are several descriptions of the people and objects shown in the scene, as well as dense captions that highlight specific parts of the objects and people."
    },
    {
        "webVideoUrl": "https://www.tiktok.com/@stephandtomtom/video/7309176219709295904",
        "mediaUrls/0": "https://api.apify.com/v2/key-value-stores/1h9dS29THkxlsNlN6/records/video-stephandto-20231205181648-7309176219709295904",
        "authorMeta/heart": 297400,
        "shareCount": 85,
        "commentCount": 27,
        "playCount": 127800,
        "videoMeta/duration": 82,
        "searchHashtag/name": "ecigarette",
        "Desc.": "The video depicts a person making a festive advent calendar. The person is making boxes out of cardboard for the calendars and placing them on a bed. The person then takes a knife and cuts open a cardboard box. The person continues to cut open more boxes, placing them on the bed."
    },
    {
        "webVideoUrl": "https://www.tiktok.com/@dr.mehss/video/7241561299786714374",
        "mediaUrls/0": "https://api.apify.com/v2/key-value-stores/1h9dS29THkxlsNlN6/records/video-drmehss-20230606131621-7241561299786714374",
        "authorMeta/heart": 63300000,
        "shareCount": 7676,
        "commentCount": 600,
        "playCount": 833600,
        "videoMeta/duration": 10,
        "searchHashtag/name": "ecigarette",
        "Desc.": "Error: Error reading /home/ravi/tiktok/data/tiktok-ecigarette/7241561299786714374.mp4..."
    },
    {
        "webVideoUrl": "https://www.tiktok.com/@drpedinaturalhealth/video/7084724198190468394",
        "mediaUrls/0": "https://api.apify.com/v2/key-value-stores/1h9dS29THkxlsNlN6/records/video-drpedinatu-20220409214816-7084724198190468394",
        "authorMeta/heart": 3300000,
        "shareCount": 5132,
        "commentCount": 664,
        "playCount": 982000,
        "videoMeta/duration": 23,
        "searchHashtag/name": "ecigarette",
        "Desc.": "In this video, we are shown several procedures to treat sinusitis. The first scene shows a male doctor wearing a blue shirt holding a spray bottle of saline solution and standing in front of a white and black wooden door. The doctor talks to the camera explaining the importance of treating sinusitis and how using a humidifier can help. He demonstrates the proper technique for spraying saline solution into the nasal passages using the spray bottle."
    },
    {
        "webVideoUrl": "https://www.tiktok.com/@bbcnews/video/7315037831745883425",
        "mediaUrls/0": "https://api.apify.com/v2/key-value-stores/1h9dS29THkxlsNlN6/records/video-bbcnews-20231221134500-7315037831745883425",
        "authorMeta/heart": 98300000,
        "shareCount": 1076,
        "commentCount": 625,
        "playCount": 449100,
        "videoMeta/duration": 27,
        "searchHashtag/name": "ecigarette",
        "Desc.": "First, we see a young woman holding a phone while standing in front of a Christmas tree. Next, she smiles and points her finger at the camera. Then, we see a close-up of her making a gesture while holding a black pair of headphones. Finally, we see her wearing the headphones as she smiles and makes a gesture again. Throughout the video, there are several other people and objects present, including a man, a television, and a Christmas tree. The dense captions provide additional details about each frame, such as the objects present, the color of the objects, and the facial expressions of the people."
    },
    {
        "webVideoUrl": "https://www.tiktok.com/@robertwblove/video/7242777820282309934",
        "mediaUrls/0": "https://api.apify.com/v2/key-value-stores/1h9dS29THkxlsNlN6/records/video-robertwblo-20230609195712-7242777820282309934",
        "authorMeta/heart": 16500000,
        "shareCount": 48200,
        "commentCount": 1805,
        "playCount": 2100000,
        "videoMeta/duration": 141,
        "searchHashtag/name": "ecigarette",
        "Desc.": "First, the video shows a black and white checkered wall in the background. Next, a man with glasses wearing a black shirt is sitting in front of the camera. Then, he begins talking to the camera about vaping. The video shows him demonstrating a vape and giving tips for using it. He also mentions the different types of e-liquids and how they can affect vaping. Afterwards, the video shows him demonstrating the proper way to vape using a vape pen. He emphasizes the importance of using a high-quality vape pen and the right e-liquid. Finally, he talks about the health risks associated with vaping and how it is safer than smoking cigarettes. The video ends with him talking about the different types of vape pens and e-liquids."
    },
    {
        "webVideoUrl": "https://www.tiktok.com/@vapetzz/video/7117204107349298438",
        "mediaUrls/0": "https://api.apify.com/v2/key-value-stores/1h9dS29THkxlsNlN6/records/video-vapetzz-20220706102658-7117204107349298438",
        "authorMeta/heart": 785300,
        "shareCount": 21,
        "commentCount": 16,
        "playCount": 39700,
        "videoMeta/duration": 24,
        "searchHashtag/name": "ecigarette",
        "Desc.": "First, the video shows a person holding an empty plastic bag in their hand. The next few frames show the same person's hand holding different objects, including a black rubber band and a pencil. Then, the video shows a person with their hand inside the plastic bag, as if they are rummaging through it. The person's hand continues to move inside the bag, and the video shows various objects being pulled out of the bag. Finally, the video shows the person holding the blue tape to make it stick. Throughout the video, the background remains relatively constant, with a black chair in the foreground and a black table behind the chair."
    },
    {
        "webVideoUrl": "https://www.tiktok.com/@abcnewsaus/video/7314552953451384065",
        "mediaUrls/0": "https://api.apify.com/v2/key-value-stores/1h9dS29THkxlsNlN6/records/video-abcnewsaus-20231220060117-7314552953451384065",
        "authorMeta/heart": 27300000,
        "shareCount": 31,
        "commentCount": 6,
        "playCount": 209600,
        "videoMeta/duration": 69,
        "searchHashtag/name": "ecigarette",
        "Desc.": "First, we see a group of friends sitting on a bench in a park, listening to music on their phones. Next, they put on headphones to hear the music. Then, a girl sits on a blanket next to them, and a man wearing a grey shirt and blue jeans sits next to them as well. People continue to join the group, sitting on blankets and lawn chairs. Some people are eating chocolate and drinking alcohol. We also see a woman walking and a man holding a black and white cat. A woman sitting in a brown armchair, wearing a grey t-shirt, is also shown."
    },
    {
        "webVideoUrl": "https://www.tiktok.com/@creamclaw/video/7229551073894141211",
        "mediaUrls/0": "https://api.apify.com/v2/key-value-stores/1h9dS29THkxlsNlN6/records/video-creamclaw-20230505043038-7229551073894141211",
        "authorMeta/heart": 388100,
        "shareCount": 17,
        "commentCount": 8,
        "playCount": 57900,
        "videoMeta/duration": 50,
        "searchHashtag/name": "ecigarette",
        "Desc.": "First, we see a red and black cupcake holder on a table. Next, we see a red and black pen on a table. Then, we see a black and brown cupcake on a table. A black and red cupcake follows. Next, we see a black and brown cupcake on a table. A black and red cupcake is shown on a table. A black and red cupcake is shown on a table, and then we see a black and red cupcake on a table. After that, we see a black and brown cupcake on a table. We then see a black and red cupcake on a table, and finally we see a black and red cupcake on a table."
    },
    {
        "webVideoUrl": "https://www.tiktok.com/@cloudmakr/video/6863334971428310278",
        "mediaUrls/0": "https://api.apify.com/v2/key-value-stores/1h9dS29THkxlsNlN6/records/video-cloudmakr-20200821072546-6863334971428310278",
        "authorMeta/heart": 993900,
        "shareCount": 4,
        "commentCount": 46,
        "playCount": 15100,
        "videoMeta/duration": 58,
        "searchHashtag/name": "ecigarette",
        "Desc.": "In the video, we can see a man with glasses who is smoking a vape pen. The man has a red beard and wears a gray shirt with a white and blue striped pattern. He has green eyeglasses and wears a silver wristwatch on his left hand. Throughout the video, the man is shown smoking a vape pen while holding his hand out in front of him. He is also shown holding a toothbrush in his hand and making a face. He occasionally changes his expression and looks at the camera. At one point, he holds up his hand to show off his wristwatch. The video lasts for 52 seconds."
    },
    {
        "webVideoUrl": "https://www.tiktok.com/@dava.officiel/video/7247579071943658779",
        "mediaUrls/0": "https://api.apify.com/v2/key-value-stores/1h9dS29THkxlsNlN6/records/video-davaoffici-20230622182828-7247579071943658779",
        "authorMeta/heart": 354100,
        "shareCount": 1596,
        "commentCount": 54,
        "playCount": 36100,
        "videoMeta/duration": 89,
        "searchHashtag/name": "ecigarette",
        "Desc.": "In the video, a young man smokes cigarettes while using a cigarette holder. The man's facial expressions change as he smokes. The video captures various angles and close-ups of the man's face. At the beginning of the video, the man has brown hair and is wearing a green shirt. Later, the man has blonde hair and a green baseball cap. The man's mouth is visible in the video, and his lips are shown moving when he talks or makes sounds."
    },
    {
        "webVideoUrl": "https://www.tiktok.com/@truthorange/video/7267195573659372842",
        "mediaUrls/0": "https://api.apify.com/v2/key-value-stores/1h9dS29THkxlsNlN6/records/video-truthorang-20230814151051-7267195573659372842",
        "authorMeta/heart": 1400000,
        "shareCount": 30,
        "commentCount": 139,
        "playCount": 229300,
        "videoMeta/duration": 58,
        "searchHashtag/name": "ecigarette",
        "Desc.": "First, we see a girl with pink hair who appears to be doing a makeup tutorial. She has various makeup products in front of her, including a tube of lip gloss, a lip balm, a toothbrush, and various colored pens.\n\nNext, we see her applying lip gloss and demonstrating how to hold the brush. She uses a tube of toothpaste and a toothbrush with toothpaste on it.\n\nThen, we see a close-up of her lip gloss and see a pink toothbrush with toothpaste on it. We also see a pack of pens and a pack of colorful pencils.\n\nIn the next shot, we see the girl holding a tube of lip balm and a tube of lip gloss. We also see a pink lip balm and a tube of toothpaste.\n\nFinally, we see a shot of a tube of toothpaste and a toothbrush with toothpaste on it. We also see a tube of lip gloss and a pack of pens. The video ends with a shot of the girl holding a tube of toothpaste and a tube of lip gloss."
    },
    {
        "webVideoUrl": "https://www.tiktok.com/@creamclaw/video/7223696746436709638",
        "mediaUrls/0": "https://api.apify.com/v2/key-value-stores/1h9dS29THkxlsNlN6/records/video-creamclaw-20230419095248-7223696746436709638",
        "authorMeta/heart": 388100,
        "shareCount": 262,
        "commentCount": 234,
        "playCount": 304600,
        "videoMeta/duration": 21,
        "searchHashtag/name": "ecigarette",
        "Desc.": "First, the video displays a person holding an e-cigarette and charging it. Then, it shows the person holding the e-cigarette and a cell phone in their hand. Next, the video shows a hand holding a vaping device and a vaping tank with a coil. After that, it shows a person's hands holding an e-cigarette and a cell phone. Then, the video displays a person's hand holding an e-cigarette and holding a small round cell phone. Following that, the video shows a person's hand holding an e-cigarette and a small plastic phone case. Next, the video displays a person's hand holding a plastic case and a vaping device. Then, it shows the person holding an e-cigarette and charging it. After that, the video displays a person's hand holding a small box of cereal. Finally, the video shows a person's hands holding a vaping device and a small round cell phone."
    },
    {
        "webVideoUrl": "https://www.tiktok.com/@truemarcell/video/7275384217444437281",
        "mediaUrls/0": "https://api.apify.com/v2/key-value-stores/1h9dS29THkxlsNlN6/records/video-truemarcel-20230905164635-7275384217444437281",
        "authorMeta/heart": 6000000,
        "shareCount": 1603,
        "commentCount": 364,
        "playCount": 220600,
        "videoMeta/duration": 22,
        "searchHashtag/name": "ecigarette",
        "Desc.": "First, a young man is holding a mic and speaking into it. He is wearing a blue hoodie and glasses, and has a black phone in his hand. Next, the young man is using a vaping device and is talking into the mic again. He is wearing a black shirt with white lettering, and has a black phone in his hand. Then, the young man is again talking into the mic, this time holding a silver vaping device. He is wearing a blue hoodie and has a black phone in his hand. Finally, the video ends with a shot of the young man speaking into the mic, holding a white plastic phone."
    },
    {
        "webVideoUrl": "https://www.tiktok.com/@josephinejones35/video/7228829796233383169",
        "mediaUrls/0": "https://api.apify.com/v2/key-value-stores/1h9dS29THkxlsNlN6/records/video-josephinej-20230503055142-7228829796233383169",
        "authorMeta/heart": 1400000,
        "shareCount": 627,
        "commentCount": 215,
        "playCount": 122200,
        "videoMeta/duration": 5,
        "searchHashtag/name": "ecigarette",
        "Desc.": "First, the video shows a beautiful, happy, and smiling woman wearing a blue shirt and yellow dress smiling and looking at the camera. The background is blue and there is a large brown leather couch visible in the frame. The dense caption shows the same woman's face, and there are several dense captions throughout the video."
    },
    {
        "webVideoUrl": "https://www.tiktok.com/@tvpatrol/video/7345440245694958854",
        "mediaUrls/0": "https://api.apify.com/v2/key-value-stores/1h9dS29THkxlsNlN6/records/video-tvpatrol-20240312113944-7345440245694958854",
        "authorMeta/heart": 24800000,
        "shareCount": 1184,
        "commentCount": 330,
        "playCount": 334600,
        "videoMeta/duration": 114,
        "searchHashtag/name": "ecigarette",
        "Desc.": "Error: Error reading /home/ravi/tiktok/data/tiktok-ecigarette/7345440245694958854.mp4..."
    },
    {
        "webVideoUrl": "https://www.tiktok.com/@klinikarafah/video/7246243416802200839",
        "mediaUrls/0": "https://api.apify.com/v2/key-value-stores/1h9dS29THkxlsNlN6/records/video-klinikaraf-20230619040525-7246243416802200839",
        "authorMeta/heart": 80000,
        "shareCount": 2854,
        "commentCount": 141,
        "playCount": 189000,
        "videoMeta/duration": 14,
        "searchHashtag/name": "ecigarette",
        "Desc.": "The video demonstrates various techniques for smoking cessation based on the Indonesian government's 'Quit Smoking' campaign. It shows illustrations of people smoking and gives information about the risks of smoking. There are captions and a logo of the campaign in several frames. The video begins with a red text on a white background, followed by an illustration of a woman smoking and an illustration of a person smoking. There are several illustrations of a person smoking in different settings throughout the video, with red text on white backgrounds and some in different colors. There are also illustrations of a stop sign and a red letter that says \"stop\" in some frames. The video concludes with a final illustration of a person smoking on a background of clouds at sunset."
    },
    {
        "webVideoUrl": "https://www.tiktok.com/@creamclaw/video/7226660419505622298",
        "mediaUrls/0": "https://api.apify.com/v2/key-value-stores/1h9dS29THkxlsNlN6/records/video-creamclaw-20230427093325-7226660419505622298",
        "authorMeta/heart": 388100,
        "shareCount": 36,
        "commentCount": 12,
        "playCount": 32000,
        "videoMeta/duration": 26,
        "searchHashtag/name": "ecigarette",
        "Desc.": "First, the video shows two men holding a watch. Then, they hold a watch with a black leather case. Next, the two men hold a small silver watch in their hands. They hold a black and silver watch. The video then shows the two men holding a black watch and then holding the same watch with a black leather case. The video then shows the watch with a brown leather case. The men then hold a small black watch. Finally, the video shows a close-up of the two men holding a watch with a black leather case."
    },
    {
        "webVideoUrl": "https://www.tiktok.com/@ss.vapes/video/7210507858306239750",
        "mediaUrls/0": "https://api.apify.com/v2/key-value-stores/1h9dS29THkxlsNlN6/records/video-ssvapes-20230314205308-7210507858306239750",
        "authorMeta/heart": 9462,
        "shareCount": 48,
        "commentCount": 83,
        "playCount": 100700,
        "videoMeta/duration": 7,
        "searchHashtag/name": "ecigarette",
        "Desc.": "First, we see a hand holding a disposable e-cigarette. The hand is orange, and the e-cigarette is clear. Next, we see a hand holding a disposable e-cigarette and a pack of cigarettes on the table. The hand is orange, and the e-cigarette is clear. Then, we see a hand holding a disposable e-cigarette and a cigarette in the same way. The hand is orange, and the e-cigarette is clear. In the following frame, we see a hand holding a disposable e-cigarette, and the e-cigarette is clear. Finally, we see a hand holding a disposable e-cigarette and a hand holding a cigarette. The hand is orange, and the e-cigarette is clear."
    },
    {
        "webVideoUrl": "https://www.tiktok.com/@cloudmakr/video/6867082575169457413",
        "mediaUrls/0": "https://api.apify.com/v2/key-value-stores/1h9dS29THkxlsNlN6/records/video-cloudmakr-20200831094751-6867082575169457413",
        "authorMeta/heart": 993900,
        "shareCount": 4,
        "commentCount": 70,
        "playCount": 30600,
        "videoMeta/duration": 19,
        "searchHashtag/name": "ecigarette",
        "Desc.": "Error: Error reading /home/ravi/tiktok/data/tiktok-ecigarette/6867082575169457413.mp4..."
    },
    {
        "webVideoUrl": "https://www.tiktok.com/@magyar_koztarsasag/video/7109557997193432325",
        "mediaUrls/0": "https://api.apify.com/v2/key-value-stores/1h9dS29THkxlsNlN6/records/video-magyar_koz-20220615195607-7109557997193432325",
        "authorMeta/heart": 671700,
        "shareCount": 2657,
        "commentCount": 609,
        "playCount": 299900,
        "videoMeta/duration": 136,
        "searchHashtag/name": "ecigarette",
        "Desc.": "First, a black background is displayed, followed by a man and a woman holding a banner with the logo of el barcelona fc. A man is shown with a microphone and the woman is holding a banner. There is a man wearing a suit and tie talking on the radio. The woman is wearing a green sweater and the man is wearing a black suit with a white shirt. A man is shown in a white shirt, and a man is holding a black microphone. A person is shown holding a banner and a man is shown holding a microphone. A person is holding a black microphone and a person is shown with a banner with el barcelona fc's logo."
    },
    {
        "webVideoUrl": "https://www.tiktok.com/@gumpstore4/video/7292407009553534250",
        "mediaUrls/0": "https://api.apify.com/v2/key-value-stores/1h9dS29THkxlsNlN6/records/video-gumpstore4-20231021134430-7292407009553534250",
        "authorMeta/heart": 3848,
        "shareCount": 25,
        "commentCount": 23,
        "playCount": 48500,
        "videoMeta/duration": 15,
        "searchHashtag/name": "ecigarette",
        "Desc.": "First, the video shows a hand holding a pen and a pencil. Next, the user hands over a pink pill box to a man. The man then takes out a lighter from a bag. Following that, the video shows a lighter on a bed. The man then picks up a lighter and hands it to a woman. After that, the video shows a lighter being used by the man. The woman then hands over a pink pencil to the man. The video then shows a lighter on a table with a pen and pencil next to it. Next, the video shows a lighter being used by the man again. The woman then hands over a pink pencil to the man. The video then shows a lighter being used by the man and the woman. The video then shows a lighter being used by the man and a person in the background. Finally, the video shows the same person in the background and a black dog on the floor."
    },
    {
        "webVideoUrl": "https://www.tiktok.com/@cloudmakr/video/6866054333402778886",
        "mediaUrls/0": "https://api.apify.com/v2/key-value-stores/1h9dS29THkxlsNlN6/records/video-cloudmakr-20200828151739-6866054333402778886",
        "authorMeta/heart": 993900,
        "shareCount": 20,
        "commentCount": 36,
        "playCount": 13500,
        "videoMeta/duration": 57,
        "searchHashtag/name": "ecigarette",
        "Desc.": "Error: Error reading /home/ravi/tiktok/data/tiktok-ecigarette/6866054333402778886.mp4..."
    },
    {
        "webVideoUrl": "https://www.tiktok.com/@le.par.rain/video/7351542740968115461",
        "mediaUrls/0": "https://api.apify.com/v2/key-value-stores/1h9dS29THkxlsNlN6/records/video-leparrain-20240328222034-7351542740968115461",
        "authorMeta/heart": 90900,
        "shareCount": 81,
        "commentCount": 274,
        "playCount": 32300,
        "videoMeta/duration": 77,
        "searchHashtag/name": "ecigarette",
        "Desc.": "This video is divided into different sections, each with its own descriptive captions. The first section shows a man and a boy in a park. In the second section, the boy takes a photo of the man with a digital camera. The third section shows a man taking a photo of the boy with a disposable camera. In the fourth section, the man takes a photo of the boy wearing a blue jacket with a digital camera. In the fifth section, the man takes a photo of the boy with a black cap and digital camera. The sixth section shows a black man in a jacket taking a photo with a disposable camera. In the seventh section, the man takes a photo of the boy wearing a black jacket. In the eighth section, the man takes a photo of the boy wearing a blue jacket with a disposable camera. In the ninth section, the man takes a photo of the boy with a blue jacket and digital camera. In the tenth section, the man takes a photo of the boy with a blue jacket and black cap. In the eleventh section, the man takes a photo of the boy wearing a black cap and digital camera. In the twelfth section, the man takes a photo of the boy with a black jacket. In the thirteenth section, the man takes a photo of the boy wearing a blue jacket with a disposable camera. In the fourteenth"
    },
    {
        "webVideoUrl": "https://www.tiktok.com/@steph_aria/video/6886435731540086017",
        "mediaUrls/0": "https://api.apify.com/v2/key-value-stores/1h9dS29THkxlsNlN6/records/video-steph_aria-20201022132745-6886435731540086017",
        "authorMeta/heart": 14200000,
        "shareCount": 49,
        "commentCount": 84,
        "playCount": 71500,
        "videoMeta/duration": 58,
        "searchHashtag/name": "ecigarette",
        "Desc.": "Error: Error reading /home/ravi/tiktok/data/tiktok-ecigarette/6886435731540086017.mp4..."
    },
    {
        "webVideoUrl": "https://www.tiktok.com/@creamclaw/video/7225438686345809178",
        "mediaUrls/0": "https://api.apify.com/v2/key-value-stores/1h9dS29THkxlsNlN6/records/video-creamclaw-20230424023229-7225438686345809178",
        "authorMeta/heart": 388100,
        "shareCount": 29,
        "commentCount": 16,
        "playCount": 67900,
        "videoMeta/duration": 11,
        "searchHashtag/name": "ecigarette",
        "Desc.": "In the video, a person uses a lighter to make an electronic cigarette. The person first holds the lighter with their hands, and then uses it to fill up the electronic cigarette. The video shows different close-up shots of the lighter and the electronic cigarette as the person follows the instructions. At some points, the person also uses other items like a bottle of wine, a knife, and a pair of earrings to demonstrate how to make the electronic cigarette. The video lasts for 10 minutes and 22 seconds, and contains various objects and close-up shots."
    },
    {
        "webVideoUrl": "https://www.tiktok.com/@yalinishappy/video/7342741529116577026",
        "mediaUrls/0": "https://api.apify.com/v2/key-value-stores/1h9dS29THkxlsNlN6/records/video-yalinishap-20240305050727-7342741529116577026",
        "authorMeta/heart": 495300,
        "shareCount": 1705,
        "commentCount": 711,
        "playCount": 1400000,
        "videoMeta/duration": 189,
        "searchHashtag/name": "ecigarette",
        "Desc.": "The video shows a young girl in school uniform with her hair tied back. She is sitting at a table in a classroom, facing the camera. She occasionally gives a thumbs up and talks into the camera. The video then shows a teacher wearing a uniform, also in the classroom. The teacher is standing at the table while talking. The video then shows the same girl in school uniform sitting at the table and talking into the camera again. The video then shows the same teacher wearing a uniform standing at the table, talking into the camera. The video then shows the girl in school uniform talking into the camera again. Finally, the video shows the girl in school uniform standing at the table, talking into the camera."
    },
    {
        "webVideoUrl": "https://www.tiktok.com/@creamclaw/video/7236573550163791131",
        "mediaUrls/0": "https://api.apify.com/v2/key-value-stores/1h9dS29THkxlsNlN6/records/video-creamclaw-20230524024507-7236573550163791131",
        "authorMeta/heart": 388100,
        "shareCount": 94,
        "commentCount": 19,
        "playCount": 206400,
        "videoMeta/duration": 18,
        "searchHashtag/name": "ecigarette",
        "Desc.": "First, the video shows a person holding a vape mod, and there is a vape pen on the screen. Next, the person is seen placing a coil into the vape mod, and the vape pen is on the table. Then, the person is seen taking a vape pen and a coil out of a box, and there are some tissues on the table. After that, the person is holding a vape pen and a coil in their hand, and a cup of coffee is on the table. Next, the person is seen pouring vape liquid into the coil of a vape mod, and there is a bottle of coffee on the table. Following that, the person is seen taking the coil out of the vape mod, and a small clear plastic container is on the table. Then, the person is seen putting a vape coil into a vape mod, and there is a small white container on the table. Next, the person is seen holding a vape mod, and a small white container with a blue handle is on the table. After that, the person is seen taking a vape coil out of the vape mod, and a cup of coffee is on the table. Following that, the person is seen pouring vape liquid into the coil of a vape mod, and a small clear plastic container is on the table. Then, the person is seen holding a va"
    },
    {
        "webVideoUrl": "https://www.tiktok.com/@7newsq/video/7254376937550859527",
        "mediaUrls/0": "https://api.apify.com/v2/key-value-stores/1h9dS29THkxlsNlN6/records/video-7newsq-20230711020736-7254376937550859527",
        "authorMeta/heart": 6200000,
        "shareCount": 37800,
        "commentCount": 2301,
        "playCount": 2400000,
        "videoMeta/duration": 86,
        "searchHashtag/name": "ecigarette",
        "Desc.": "First, the video shows the word \"Vape Honey\" on a sign. Next, there is a poster for an ice cream shop with the words \"Vape Honey\" on it. Then, there is a picture of a red car with a white circle on the windshield. Next, there is a black and white picture of a woman. Then, there is a picture of a white bus with a black circle on the front. Then, there is a picture of a red car with a black circle on the front. Next, there is a picture of a white car with a black circle on the front. Then, there is a picture of a black car with a white circle on the front. Then, there is a picture of a red car with a black circle on the front. Next, there is a picture of a white bus with a black circle on the front. Then, there is a picture of a red car with a white circle on the front. Next, there is a picture of a white car with a black circle on the front. Then, there is a picture of a red car with a white circle on the front. Next, there is a picture of a white car with a black circle on the front. Then, there is a picture of a red car with a white circle on the front. Next, there is a picture of a black car with a white circle on the front. Finally, there is a picture of a red car"
    },
    {
        "webVideoUrl": "https://www.tiktok.com/@ss.vapes/video/7209617090569866502",
        "mediaUrls/0": "https://api.apify.com/v2/key-value-stores/1h9dS29THkxlsNlN6/records/video-ssvapes-20230312111632-7209617090569866502",
        "authorMeta/heart": 9462,
        "shareCount": 180,
        "commentCount": 40,
        "playCount": 293800,
        "videoMeta/duration": 10,
        "searchHashtag/name": "ecigarette",
        "Desc.": "The video is a step-by-step tutorial on how to make a pink vape. It starts with a person holding a piece of vape liquid. The next scene shows a close-up view of the vape liquid in a clear plastic bottle. Then the person holds a vape pen. Next, a hand holds a vape pen. The following scene shows a pink box of vape liquid. Then, a hand holds a vape pen again. The person is seen holding a clear plastic bottle with pink vape liquid inside. The video then shows a hand holding a vape pen with pink vape liquid inside. The person then shows a hand holding a vape pen with a tube. A close-up view of a vape tube is shown next. Then, the person is shown holding a vape pen with the tube being used. Finally, the person is seen holding a vape pen with a clear plastic container inside."
    },
    {
        "webVideoUrl": "https://www.tiktok.com/@cloudmakr/video/6857925586858413318",
        "mediaUrls/0": "https://api.apify.com/v2/key-value-stores/1h9dS29THkxlsNlN6/records/video-cloudmakr-20200806173354-6857925586858413318",
        "authorMeta/heart": 993900,
        "shareCount": 3,
        "commentCount": 46,
        "playCount": 27700,
        "videoMeta/duration": 56,
        "searchHashtag/name": "ecigarette",
        "Desc.": "In this video, there are several things happening. First, we see a young man with glasses and a beard. Then, he holds up a smartphone with a close-up of his face, and a hand with glasses on it is seen. Next, he shows a close-up of the side of his face and a man is seen wearing glasses and a jacket. The video then shows a person holding up a phone and a close-up of a man's face with glasses and a gray t-shirt. The man has a hand with glasses on it, and the phone's display is visible. He holds up a camera and talks into the microphone, and then he holds up a cell phone and talks on it. He is seen with a yellow shirt on and holding a smartphone. He talks into the phone while holding a lighter and smoking a cigar. After this, he is seen holding up a camera while smoking a cigar and talking into the phone. He then holds up a camera and talks into the phone while smoking a cigar. Finally, the video shows him holding a lighter and smoking a cigar, and then a picture of a man in a yellow shirt is seen."
    },
    {
        "webVideoUrl": "https://www.tiktok.com/@creamclaw/video/7244033395389418779",
        "mediaUrls/0": "https://api.apify.com/v2/key-value-stores/1h9dS29THkxlsNlN6/records/video-creamclaw-20230613050932-7244033395389418779",
        "authorMeta/heart": 388100,
        "shareCount": 31,
        "commentCount": 21,
        "playCount": 66700,
        "videoMeta/duration": 22,
        "searchHashtag/name": "ecigarette",
        "Desc.": "First, the video shows a black cigar box with metal pieces in a box. Then, a black metal cigar box is shown in the same box with metal pieces in it. Next, a black cigar box with metal pieces is shown in the same box as before. Finally, a person is holding a cigar box with metal pieces in it, while other objects such as a vase, a pair of scissors, and a cigarette box are also shown. Throughout the video, the objects change, but the person's hand is shown holding the cigar box with metal pieces."
    },
    {
        "webVideoUrl": "https://www.tiktok.com/@rmc_off/video/7274926937393351969",
        "mediaUrls/0": "https://api.apify.com/v2/key-value-stores/1h9dS29THkxlsNlN6/records/video-rmc_off-20230904111305-7274926937393351969",
        "authorMeta/heart": 3000000,
        "shareCount": 334,
        "commentCount": 88,
        "playCount": 66000,
        "videoMeta/duration": 69,
        "searchHashtag/name": "ecigarette",
        "Desc.": "In this video, a woman is buying Nescafe Gold in a supermarket. She walks up to the cashier with two drinks and is offered a deal. The cashier hands her a can of Nescafe Gold and she looks at it. The cashier asks if she wants to buy it, and she agrees. She then takes the can out of the bag and reads the label. The video shows different shots of the woman buying the Nescafe Gold, including her hands holding it, the product on the shelf, and the cashier's hands. The video also shows a sign for coffee, a man holding a red shopping bag, and a black and white clock."
    },
    {
        "webVideoUrl": "https://www.tiktok.com/@cojojojoe/video/7356242006986870034",
        "mediaUrls/0": "https://api.apify.com/v2/key-value-stores/1h9dS29THkxlsNlN6/records/video-cojojojoe-20240410141606-7356242006986870034",
        "authorMeta/heart": 2000000,
        "shareCount": 7,
        "commentCount": 33,
        "playCount": 46100,
        "videoMeta/duration": 76,
        "searchHashtag/name": "ecigarette",
        "Desc.": "First, a tall man is standing in a white shirt with glasses. Next, a man stands on a bed with his arm on the bed. Then, a man is standing on a bed with his arm resting on the bed. Later, a man is shown standing on a bed with his arm on the bed and smoke coming from a cigarette. After that, a man stands on a bed smoking a cigarette. Following that, a man is shown standing on a bed smoking a cigarette and putting out the fire. Then, a man is seen on a bed with a person in a blue shirt. Next, a person is standing in a white shirt with glasses. After that, a person stands on a bed with his arm on the bed. Then, a man is shown standing on a bed with a person in a blue shirt. Following that, a man is seen on a bed with a person in a blue shirt. Next, a person is shown standing on a bed with their arm on the bed. Then, a man is standing on a bed with his arm resting on the bed. Later, a man is shown standing on a bed with his arm on the bed. After that, a man is seen on a bed with his arm on the bed. Finally, a man is shown standing on a bed with a person in a blue shirt."
    },
    {
        "webVideoUrl": "https://www.tiktok.com/@drtraceymarks/video/7073851522588658986",
        "mediaUrls/0": "https://api.apify.com/v2/key-value-stores/1h9dS29THkxlsNlN6/records/video-drtraceyma-20220311143645-7073851522588658986",
        "authorMeta/heart": 5500000,
        "shareCount": 1829,
        "commentCount": 562,
        "playCount": 384000,
        "videoMeta/duration": 59,
        "searchHashtag/name": "ecigarette",
        "Desc.": "In this video, a young man is speaking. He has curly red hair, a pink sweatband on his wrist, and a red hat with a black feather. He is in front of a blue door with a black metal handle and a white curtain. He wears a black shirt with a red tie, and he is holding a black object in his hand. There is a blue metal box in the background, and he is also wearing a red necktie with white polka dots. He speaks with a British accent, and he is discussing how to quit smoking. He gives a series of instructions, and at the end, he tells the person to follow his advice carefully. The video lasts for 4 minutes and 40 seconds."
    },
    {
        "webVideoUrl": "https://www.tiktok.com/@creamclaw/video/7238431340100668698",
        "mediaUrls/0": "https://api.apify.com/v2/key-value-stores/1h9dS29THkxlsNlN6/records/video-creamclaw-20230529025302-7238431340100668698",
        "authorMeta/heart": 388100,
        "shareCount": 75,
        "commentCount": 19,
        "playCount": 77000,
        "videoMeta/duration": 18,
        "searchHashtag/name": "ecigarette",
        "Desc.": "In the video, the user provides a visual cue of a vaping device and demonstrates how to make e-liquid for it. The user begins by cutting a hole in the device with pliers. Then, they follow with a blue and gray toy gun and metal toy. After that, they demonstrate how to make e-liquid by cutting it with scissors. Next, they show how to mix the e-liquid with a straw. Following that, they show how to add the e-liquid to the vaping device. Finally, the user demonstrates how to vape with the device. Throughout the video, the dense captions provide a detailed description of the steps."
    },
    {
        "webVideoUrl": "https://www.tiktok.com/@wojak.official/video/7287970796201348385",
        "mediaUrls/0": "https://api.apify.com/v2/key-value-stores/1h9dS29THkxlsNlN6/records/video-wojakoffic-20231009144857-7287970796201348385",
        "authorMeta/heart": 47200,
        "shareCount": 399,
        "commentCount": 299,
        "playCount": 71800,
        "videoMeta/duration": 41,
        "searchHashtag/name": "ecigarette",
        "Desc.": "First, a kraft paper with a heart is seen in the middle of the frame. Next, a kraft paper heart is displayed in the center. Then, a kraft paper heart is seen in the middle of the frame with the word \"kraft paper heart\" on top. The video then shows a picture of a pizza with mushrooms and cheese, with the word \"kraft paper heart\" on top. After that, the video shows the word \"kraft paper heart\" on a black background. Then, a black and white illustration of a moustache is seen in the middle of the frame with the word \"kraft paper heart\" on top. Following that, a black and white illustration of a man's face is shown in the middle of the frame with the word \"kraft paper heart\" on top. Next, a black and white illustration of a man with a black moustache is shown in the middle of the frame with the word \"kraft paper heart\" on top. Then, the video shows a black and white illustration of a man's face with a black moustache on top. Finally, the video ends with the word \"kraft paper heart\" on a white background."
    },
    {
        "webVideoUrl": "https://www.tiktok.com/@luizelelemusic/video/7057163240366787887",
        "mediaUrls/0": "https://api.apify.com/v2/key-value-stores/1h9dS29THkxlsNlN6/records/video-luizelelem-20220125151741-7057163240366787887",
        "authorMeta/heart": 910000,
        "shareCount": 334,
        "commentCount": 58,
        "playCount": 9834,
        "videoMeta/duration": 7,
        "searchHashtag/name": "ecigarette",
        "Desc.": "In the video, a person is demonstrating how to vape without nicotine. The person first provides a shot of the vape liquid. Then, they explain that the vape liquid can be any liquid that you want. They demonstrate by heating up a bottle of water and then using it to vape. They also demonstrate how to vape using the vape device. Finally, they explain that you can also vape without using nicotine by heating up anything that you want."
    },
    {
        "webVideoUrl": "https://www.tiktok.com/@ninecomau/video/7228418166701985025",
        "mediaUrls/0": "https://api.apify.com/v2/key-value-stores/1h9dS29THkxlsNlN6/records/video-ninecomau-20230502031421-7228418166701985025",
        "authorMeta/heart": 3900000,
        "shareCount": 1617,
        "commentCount": 273,
        "playCount": 226400,
        "videoMeta/duration": 54,
        "searchHashtag/name": "ecigarette",
        "Desc.": "In this video, a young woman puts on makeup and prepares to vape in various different locations. She has long black hair, wears glasses, and has a tattoo on her arm. She appears to be vaping on a vape pen at times, and she drinks a blue drink at times. In some scenes, the woman is in a store, and she drinks a clear liquid. She also drinks a liquid with a white label and a clear liquid at one point. The woman has a purple tattoo on her arm, and she is holding a pink and white vape pen. She is smoking a cigarette at one point, and there is a white door behind her. Throughout the video, the woman is vaping and drinking different beverages, and she is seen in various locations."
    },
    {
        "webVideoUrl": "https://www.tiktok.com/@schizposting/video/7257695322464455979",
        "mediaUrls/0": "https://api.apify.com/v2/key-value-stores/1h9dS29THkxlsNlN6/records/video-schizposti-20230720004447-7257695322464455979",
        "authorMeta/heart": 8500000,
        "shareCount": 3179,
        "commentCount": 426,
        "playCount": 176900,
        "videoMeta/duration": 9,
        "searchHashtag/name": "ecigarette",
        "Desc.": "First, a black kitten is seen hiding under a bed with various objects on it, including a black shoe, a brown toilet, a black phone, a black backpack, and a dark brown shoe. The kitten seems to be in a corner of the bed. Then, a young girl walks up the stairs. The girl wears a white and black shirt, and her hair is red. She then puts a tiger on the bed. Next, a black cat is seen lying down on the bed, and a small girl is seen with a tiger on the bed. Then, the girl is seen sitting on the bed with a tiger and a pink pillow. The bed is covered with a black pillow, and a white and black pillow is also seen. The kitten hides under the bed again, and a small toy is seen on the bed. Finally, the girl walks up the stairs again."
    },
    {
        "webVideoUrl": "https://www.tiktok.com/@monsieurvapote/video/6966903509459553541",
        "mediaUrls/0": "https://api.apify.com/v2/key-value-stores/1h9dS29THkxlsNlN6/records/video-monsieurva-20210527094401-6966903509459553541",
        "authorMeta/heart": 20000,
        "shareCount": 37,
        "commentCount": 85,
        "playCount": 21300,
        "videoMeta/duration": 30,
        "searchHashtag/name": "ecigarette",
        "Desc.": "In this video, a man is explaining the history of vape shops. He is standing in front of a vape shop counter, and there are various vape products displayed behind him. The video is shot mainly in purple and blue colors. The man is wearing a black shirt and has black hair. He is sometimes talking and sometimes gesturing with his hands.\n\nAt 24.4 seconds, the man is pointing at the black case and saying that the vape shop is over 40 years old. He is wearing a white t-shirt at this point. At 28.1 seconds, the man is talking about the history of vape shops. He is wearing a pink shirt at this point. At 30.2 seconds, he is talking about vape shops and their evolution over time."
    },
    {
        "webVideoUrl": "https://www.tiktok.com/@lescanularsdemaurizio/video/7331317877598899488",
        "mediaUrls/0": "https://api.apify.com/v2/key-value-stores/1h9dS29THkxlsNlN6/records/video-lescanular-20240203101749-7331317877598899488",
        "authorMeta/heart": 209900,
        "shareCount": 1520,
        "commentCount": 353,
        "playCount": 365400,
        "videoMeta/duration": 190,
        "searchHashtag/name": "ecigarette",
        "Desc.": "This video demonstrates the steps for a nail artist to follow to get started with nail glue. First, a nail artist should choose the right nail glue for the type of nail being glued. Next, they should wash and prepare the nail to prevent bacteria growth. Then, they should use a nail buffer to make the nail smooth and ready for glue. Finally, they should apply a small amount of glue to the nail and press it down gently."
    },
    {
        "webVideoUrl": "https://www.tiktok.com/@creamclaw/video/7223580258069482758",
        "mediaUrls/0": "https://api.apify.com/v2/key-value-stores/1h9dS29THkxlsNlN6/records/video-creamclaw-20230419022046-7223580258069482758",
        "authorMeta/heart": 388100,
        "shareCount": 68,
        "commentCount": 33,
        "playCount": 78100,
        "videoMeta/duration": 24,
        "searchHashtag/name": "ecigarette",
        "Desc.": "Error: Error reading /home/ravi/tiktok/data/tiktok-ecigarette/7223580258069482758.mp4..."
    },
    {
        "webVideoUrl": "https://www.tiktok.com/@johnnycashnation/video/7256820810059500843",
        "mediaUrls/0": "https://api.apify.com/v2/key-value-stores/1h9dS29THkxlsNlN6/records/video-johnnycash-20230717161127-7256820810059500843",
        "authorMeta/heart": 7500000,
        "shareCount": 583,
        "commentCount": 12,
        "playCount": 22600,
        "videoMeta/duration": 7,
        "searchHashtag/name": "ecigarette",
        "Desc.": "First, a man with a cowboy hat and a mustache is holding a mic and speaking. Then, the camera zooms in on the mic. Next, the camera focuses on a man wearing a cowboy hat and holding a black microphone. Following that, the man is holding a microphone with an arrow logo and wearing a hat. Then, the man is standing in front of a black microphone with an arrow logo. In the next clip, the man is wearing a brown hat and holding a black microphone. He speaks again. Next, a black mic with an arrow logo is on the screen. Then, the man wearing the cowboy hat is holding a black microphone. After that, the man is standing in front of a black microphone with an arrow logo. Finally, the man is speaking into a black microphone with an arrow logo."
    },
    {
        "webVideoUrl": "https://www.tiktok.com/@vapetzz/video/7117581795582840070",
        "mediaUrls/0": "https://api.apify.com/v2/key-value-stores/1h9dS29THkxlsNlN6/records/video-vapetzz-20220707105236-7117581795582840070",
        "authorMeta/heart": 785300,
        "shareCount": 34,
        "commentCount": 14,
        "playCount": 81100,
        "videoMeta/duration": 24,
        "searchHashtag/name": "ecigarette",
        "Desc.": "First, there is a red and white plastic toothbrush on a red background. Then, a black and white tattoo kit is revealed, which includes the black and pink tattoo machine. Next, a black and pink tattoo kit is shown in detail. Finally, the black and pink tattoo machine is on top of a map of the world."
    }
]