[
    {
        "webVideoUrl": "https://www.tiktok.com/@snus.town/video/7328464904405470496",
        "mediaUrls/0": "https://api.apify.com/v2/key-value-stores/Gc3PJ9YfuUwmt3Bcw/records/video-snustown-20240126174648-7328464904405470496",
        "authorMeta/heart": 3300000,
        "shareCount": 6685,
        "commentCount": 511,
        "playCount": 972400,
        "videoMeta/duration": 8,
        "searchHashtag/name": "nicotinepouches",
        "Desc.": "First, we see a man standing in a dance studio with a microphone in his hand. He is wearing a black hoodie and black jeans, and there is a black and white cat sitting near him. The room is decorated with white balloons and a black and white picture is hanging on the wall.\n\nNext, we see a man standing in the dance studio with a microphone in his hand, and the black and white cat is still sitting nearby. The man is now wearing a black shirt with red, white, and blue stripes, and the room is decorated with white balloons.\n\nThen, we see a man in a dance studio with a microphone in his hand, and there is a white dog with a red collar sitting in the room. The man is wearing a black and white t-shirt, and the black and white cat is still present. The room is decorated with white balloons, and there is a picture of a black and white dog on the wall.\n\nFurther on, we see a man standing in a dance studio with a microphone in his hand, and there is a black dog with a red collar in the room. The man is wearing a white t-shirt, and the room is decorated with white balloons. The black and white cat is still present.\n\nLater on, we see a man"
    },
    {
        "webVideoUrl": "https://www.tiktok.com/@thesnuzplug/video/7331785075194858784",
        "mediaUrls/0": "https://api.apify.com/v2/key-value-stores/Gc3PJ9YfuUwmt3Bcw/records/video-thesnuzplu-20240204163105-7331785075194858784",
        "authorMeta/heart": 1400000,
        "shareCount": 2224,
        "commentCount": 248,
        "playCount": 375900,
        "videoMeta/duration": 8,
        "searchHashtag/name": "nicotinepouches",
        "Desc.": "In this video, there are several scenes showing a cat and a dog in different situations. The cat wakes up from a nap and the dog sleeps. The cat goes back to sleep and the dog stirs. The cat gets out of bed and the dog tries to keep the bed warm. The cat tries to get back to sleep and the dog tries to keep the bed warm. The cat wakes up and gets up and the dog lies down. The cat tries to stay up and the dog tries to keep the bed warm. The cat gets up and starts to fall asleep and the dog tries to keep the bed warm."
    },
    {
        "webVideoUrl": "https://www.tiktok.com/@staysmokeless/video/7269423604935281953",
        "mediaUrls/0": "https://api.apify.com/v2/key-value-stores/Gc3PJ9YfuUwmt3Bcw/records/video-staysmokel-20230820151625-7269423604935281953",
        "authorMeta/heart": 186800,
        "shareCount": 30900,
        "commentCount": 2023,
        "playCount": 1600000,
        "videoMeta/duration": 11,
        "searchHashtag/name": "nicotinepouches",
        "Desc.": "In this video, a hand is opening the door to a refrigerator. A cup is placed on a counter, and a plastic container with lids is placed in the refrigerator. A jar of tomato soup is also in the refrigerator. The cup is removed from the counter and placed in the refrigerator again. A plastic container of spaghetti is also inside the refrigerator. Finally, a plastic container of peanut butter is removed from the refrigerator and placed back on the counter. Throughout the video, various colors and textures are shown, including black and white keys, a brown toaster, black keys on a keyboard, a black tray with white letters, and a white plastic container."
    },
    {
        "webVideoUrl": "https://www.tiktok.com/@snus.town/video/7255308932200090907",
        "mediaUrls/0": "https://api.apify.com/v2/key-value-stores/Gc3PJ9YfuUwmt3Bcw/records/video-snustown-20230713142414-7255308932200090907",
        "authorMeta/heart": 3300000,
        "shareCount": 4250,
        "commentCount": 547,
        "playCount": 553000,
        "videoMeta/duration": 10,
        "searchHashtag/name": "nicotinepouches",
        "Desc.": "First, we see a soccer team. Then, there are five men in uniform standing in a row. Next, there are seven men in uniform standing in a row. After that, there are six men in uniform standing in a row. Then, there are eight men in uniform standing in a row. Finally, there are ten men in uniform standing in a row."
    },
    {
        "webVideoUrl": "https://www.tiktok.com/@thesnuzplug/video/7334704437342014753",
        "mediaUrls/0": "https://api.apify.com/v2/key-value-stores/Gc3PJ9YfuUwmt3Bcw/records/video-thesnuzplu-20240212132002-7334704437342014753",
        "authorMeta/heart": 1400000,
        "shareCount": 6565,
        "commentCount": 994,
        "playCount": 1000000,
        "videoMeta/duration": 7,
        "searchHashtag/name": "nicotinepouches",
        "Desc.": "In this video, we see various scenarios with different outcomes. In the first scenario, a man is seen giving a speech at a dinner party. Then, we see a woman and a man having a conversation while eating. The next scenario depicts a group of young men having an intense conversation at a table. In the following scenario, a woman is seen sitting at a table looking at something. Next, a young boy is seen eating at a table. In the eighth scenario, we see a man and a woman sitting at a table. Then, we see a young girl sitting in a car while a man is driving. In the eleventh scenario, we see a man sitting in a car while smoking. In the thirteenth scenario, a woman is seen driving a car. The next scenario depicts two people sitting in a car, and then we see a man and a woman having a conversation in a car. The fourteenth scenario shows a group of people standing in a line, and the following scenario shows a man and a woman at a table. In the nineteenth scenario, we see a group of young people talking to each other, and then we see a woman standing on a street corner. In the twentieth scenario, a man is seen sitting in a car. In the twenty-second scenario, we see a woman and a man having a conversation while driving, and then we see a woman and a young boy talking"
    },
    {
        "webVideoUrl": "https://www.tiktok.com/@lafamiliapod/video/7126714059415735594",
        "mediaUrls/0": "https://api.apify.com/v2/key-value-stores/Gc3PJ9YfuUwmt3Bcw/records/video-lafamiliap-20220801013024-7126714059415735594",
        "authorMeta/heart": 9800000,
        "shareCount": 170,
        "commentCount": 204,
        "playCount": 472800,
        "videoMeta/duration": 10,
        "searchHashtag/name": "nicotinepouches",
        "Desc.": "First, the video begins with a black and white image of a young woman holding a cigarette. She is sitting on a couch with her head turned to the side. Next, the video shows a man wearing black pants and a black shirt standing in front of a camera. He is holding a glass of whiskey and a cigar in his hand. Then, the video shows the young woman sitting on the couch again, and this time she is drinking from a glass of whiskey. After that, the video shows the man standing in front of the camera, drinking from a glass of whiskey while holding a cigar in his hand."
    },
    {
        "webVideoUrl": "https://www.tiktok.com/@snus_town/video/7319146368658885921",
        "mediaUrls/0": "https://api.apify.com/v2/key-value-stores/Gc3PJ9YfuUwmt3Bcw/records/video-snus_town-20240101150612-7319146368658885921",
        "authorMeta/heart": 289000,
        "shareCount": 493,
        "commentCount": 389,
        "playCount": 1300000,
        "videoMeta/duration": 137,
        "searchHashtag/name": "nicotinepouches",
        "Desc.": "Error: Error reading /home/ravi/tiktok/data/tiktok-nicotinepouches/7319146368658885921.mp4..."
    },
    {
        "webVideoUrl": "https://www.tiktok.com/@snus.town/video/7303198834778230048",
        "mediaUrls/0": "https://api.apify.com/v2/key-value-stores/Gc3PJ9YfuUwmt3Bcw/records/video-snustown-20231119154130-7303198834778230048",
        "authorMeta/heart": 3300000,
        "shareCount": 551,
        "commentCount": 169,
        "playCount": 245500,
        "videoMeta/duration": 9,
        "searchHashtag/name": "nicotinepouches",
        "Desc.": "First, we see a soccer ball on the ground. Then, there is a cartoon of a ball and a player kicking it. Next, we see a kicker kicking the ball and a soccer ball on the ground. After that, we see a soccer ball and the player kicking it. Then, there is a soccer ball on the ground and a person with a soccer ball. Following that, we see a soccer ball and a person with a red and white soccer ball. Finally, we see a soccer ball and a person with a soccer ball."
    },
    {
        "webVideoUrl": "https://www.tiktok.com/@thesnuzplug/video/7334258431882169632",
        "mediaUrls/0": "https://api.apify.com/v2/key-value-stores/Gc3PJ9YfuUwmt3Bcw/records/video-thesnuzplu-20240211083026-7334258431882169632",
        "authorMeta/heart": 1400000,
        "shareCount": 10100,
        "commentCount": 154,
        "playCount": 297700,
        "videoMeta/duration": 8,
        "searchHashtag/name": "nicotinepouches",
        "Desc.": "In the video, the user is walking down some steps towards an outdoor pool. Along the way, he talks to himself and thinks out loud. He then exits the pool and looks around. He continues to walk around the pool, steps up and down a flight of stairs, and walks through some more steps. The user wears a black jacket, a black shirt, a white shirt, a black and white shirt, a white shirt with white pants, a black suit, a blue shirt, a black shirt and tie, and a white shirt with a blue tie."
    },
    {
        "webVideoUrl": "https://www.tiktok.com/@surbiton.dental/video/7346258590228942112",
        "mediaUrls/0": "https://api.apify.com/v2/key-value-stores/Gc3PJ9YfuUwmt3Bcw/records/video-surbitonde-20240314163524-7346258590228942112",
        "authorMeta/heart": 23200,
        "shareCount": 5445,
        "commentCount": 123,
        "playCount": 933900,
        "videoMeta/duration": 21,
        "searchHashtag/name": "nicotinepouches",
        "Desc.": "This video demonstrates how to make dentures using a 3d printed base. It is divided into 12 steps, starting with the selection of the materials needed for the process, such as dental implants, and ending with the finished dentures in the patient's mouth. Throughout the video, the speaker provides step-by-step instructions, with a demonstration of each step using 3d printed models."
    },
    {
        "webVideoUrl": "https://www.tiktok.com/@snus.town/video/7250904314871303450",
        "mediaUrls/0": "https://api.apify.com/v2/key-value-stores/Gc3PJ9YfuUwmt3Bcw/records/video-snustown-20230701173206-7250904314871303450",
        "authorMeta/heart": 3300000,
        "shareCount": 10600,
        "commentCount": 431,
        "playCount": 3000000,
        "videoMeta/duration": 5,
        "searchHashtag/name": "nicotinepouches",
        "Desc.": "First, the video shows a man in black jeans playing soccer on a black field. Next, a group of people are shown in different locations, wearing black and white uniforms, and playing soccer on the field. The camera then shows a black soccer ball in a brown leather case, with people in black and white playing soccer on a field. The following scene shows a black and white soccer ball in a brown leather case, with a football player running on the field."
    },
    {
        "webVideoUrl": "https://www.tiktok.com/@thesnuzplug/video/7333604528475901216",
        "mediaUrls/0": "https://api.apify.com/v2/key-value-stores/Gc3PJ9YfuUwmt3Bcw/records/video-thesnuzplu-20240209141159-7333604528475901216",
        "authorMeta/heart": 1400000,
        "shareCount": 9012,
        "commentCount": 1067,
        "playCount": 752400,
        "videoMeta/duration": 6,
        "searchHashtag/name": "nicotinepouches",
        "Desc.": "First, the video shows a giraffe with a spotted back. Next, a monkey is seen. Then, a monkey is shown again, and a brown owl is seen. Then, a chimpanzee is seen, and a brown owl and a bird are shown again. The following frames show a tiger in a zoo enclosure and a spotted tiger. A brown and white owl is seen in the following frames. The video continues to show various animals and birds, including a black bear, an eagle, a spotted bird, and a bird. The animals are placed in a zoo enclosure, with the exception of the tiger, which is alone. Some of the animals are holding onto each other, such as the monkey holding onto a metal bar. The majority of the animals in the video are large and brown, but there are some with spots. The animals are shown in different poses, such as sitting, standing, and walking. The last few frames show a lion and an owl."
    },
    {
        "webVideoUrl": "https://www.tiktok.com/@snuswebeu/video/6945544456535952646",
        "mediaUrls/0": "https://api.apify.com/v2/key-value-stores/Gc3PJ9YfuUwmt3Bcw/records/video-snuswebeu-20210330201949-6945544456535952646",
        "authorMeta/heart": 1000000,
        "shareCount": 5298,
        "commentCount": 501,
        "playCount": 1200000,
        "videoMeta/duration": 24,
        "searchHashtag/name": "nicotinepouches",
        "Desc.": "First, the video starts with a green grass playing field. Then, it shows a green lawn with white balls and a green field with grass. Next, the video shows a grassy area with a dark blue ball. After that, it shows a green field with a lot of grass. Following that, it shows a brown grassy area with a white football. Then, the video shows a large green field with grass. Next, it shows a green grassy area with white balls. After that, it shows a field with a large green area. Then, the video shows a green area with a white football on it. Next, it shows a green grassy area with grass. Following that, it shows a grassy area with a white ball on it. Then, the video shows a large green grassy area with a brown bag of potato chips on the table. Next, it shows a brown grassy area with a white football on the ground. Following that, it shows a green grassy area with a white football on it. Then, the video shows a green area with a football. Next, it shows a large green grassy area with grass. Then, it shows a brown area with grass and a football. Following that, it shows a brown grassy area with a white football. Next, the video shows a green grassy area with grass. Then, it shows a green grassy area with a white football on it. Finally, the video shows"
    },
    {
        "webVideoUrl": "https://www.tiktok.com/@staysmokeless/video/7263041557064879392",
        "mediaUrls/0": "https://api.apify.com/v2/key-value-stores/Gc3PJ9YfuUwmt3Bcw/records/video-staysmokel-20230803103046-7263041557064879392",
        "authorMeta/heart": 186800,
        "shareCount": 9241,
        "commentCount": 257,
        "playCount": 284400,
        "videoMeta/duration": 9,
        "searchHashtag/name": "nicotinepouches",
        "Desc.": "First, the video shows a black and silver duffel bag. Next, the bag is seen empty with black and silver packing materials and paper on the ground. The bag is then seen again with a pair of scissors inside, a plastic bag, and more paper on the floor. The bag is then shown with a plastic bag, a black and silver duffel bag, and more paper on the floor. Finally, the bag is shown with a roll of tape, black and silver packing materials, a small black suitcase, and a plastic bag. Throughout the video, there are multiple descriptions of the contents of the bag, including packing materials, paper, scissors, a plastic bag, tape, a black suitcase, and more."
    },
    {
        "webVideoUrl": "https://www.tiktok.com/@staysmokeless/video/7279811912236404001",
        "mediaUrls/0": "https://api.apify.com/v2/key-value-stores/Gc3PJ9YfuUwmt3Bcw/records/video-staysmokel-20230917150835-7279811912236404001",
        "authorMeta/heart": 186800,
        "shareCount": 7017,
        "commentCount": 199,
        "playCount": 567100,
        "videoMeta/duration": 16,
        "searchHashtag/name": "nicotinepouches",
        "Desc.": "First, a man's hand is seen squeezing a tomato to make a sandwich. Then, the same man is seen using a burger to make a sandwich. Next, the man is seen using a bun to make a sandwich. After that, the man is seen using a baking tray to make a sandwich. Then, the man is seen using a grill to make a sandwich. Finally, the man is seen using a sandwich toast to make a sandwich."
    },
    {
        "webVideoUrl": "https://www.tiktok.com/@thesnuzplug/video/7332413003297525024",
        "mediaUrls/0": "https://api.apify.com/v2/key-value-stores/Gc3PJ9YfuUwmt3Bcw/records/video-thesnuzplu-20240206090919-7332413003297525024",
        "authorMeta/heart": 1400000,
        "shareCount": 2634,
        "commentCount": 444,
        "playCount": 325200,
        "videoMeta/duration": 10,
        "searchHashtag/name": "nicotinepouches",
        "Desc.": "In this video, we see a monkey on a rock in a garden. The monkey has a hat on, and there is also a kitten on the ground. The monkey appears to be sitting, and the kitten appears to be pawing the ground. Throughout the video, the monkey and kitten interact with each other."
    },
    {
        "webVideoUrl": "https://www.tiktok.com/@snus_town/video/7314697612299472161",
        "mediaUrls/0": "https://api.apify.com/v2/key-value-stores/Gc3PJ9YfuUwmt3Bcw/records/video-snus_town-20231220152238-7314697612299472161",
        "authorMeta/heart": 289000,
        "shareCount": 2447,
        "commentCount": 796,
        "playCount": 568100,
        "videoMeta/duration": 8,
        "searchHashtag/name": "nicotinepouches",
        "Desc.": "First, we see a boy with blonde hair and a black belt looking at the camera. Then, we see a man and a boy eating at a table. Next, a boy and a young girl wearing a green shirt and white shirt play games on a table. After that, we see a man and a boy sitting in a room, followed by a boy sitting at a table eating. Next, a boy with blonde hair and a girl wearing a green shirt and white shirt eat food at a table. We then see a boy with blonde hair eating a sandwich, and a boy and a young girl eating pizza. Then, we see a boy eating a burger, followed by a boy wearing a green and white hat eating at a table. The video also shows a boy with blonde hair eating a hot dog, a boy wearing a green and white shirt eating, and a boy eating a salad. Finally, we see a boy with blonde hair and a black belt looking at the camera again, and the video ends."
    },
    {
        "webVideoUrl": "https://www.tiktok.com/@snuswebeu/video/7092381442407140614",
        "mediaUrls/0": "https://api.apify.com/v2/key-value-stores/Gc3PJ9YfuUwmt3Bcw/records/video-snuswebeu-20220430130218-7092381442407140614",
        "authorMeta/heart": 1000000,
        "shareCount": 7422,
        "commentCount": 2840,
        "playCount": 6700000,
        "videoMeta/duration": 8,
        "searchHashtag/name": "nicotinepouches",
        "Desc.": "In the video, a Newcastle United supporter is sitting in a crowd watching a match between Newcastle United and Southampton. The supporter is wearing a black jacket and a black t-shirt. Throughout the video, the supporter watches the match and follows the action on the field. In one instance, the supporter watches a black and white soccer ball being kicked. In another instance, the supporter is shown wearing a black baseball hat. The video is shown in a 4K resolution and features realistic details."
    },
    {
        "webVideoUrl": "https://www.tiktok.com/@channel4documentaries/video/7374449085908110625",
        "mediaUrls/0": "https://api.apify.com/v2/key-value-stores/Gc3PJ9YfuUwmt3Bcw/records/video-channel4do-20240529154855-7374449085908110625",
        "authorMeta/heart": 409300,
        "shareCount": 3405,
        "commentCount": 448,
        "playCount": 899500,
        "videoMeta/duration": 130,
        "searchHashtag/name": "nicotinepouches",
        "Desc.": "First, a young woman is eating an ice cream cone while standing in front of a building. Next, we see a person holding an orange tube while walking. Then, the video shifts to a young woman eating ice cream on a street with a building in the background. The following frames show different people holding drinks and ice cream cones in the street. Finally, a young man is seen holding a disposable cup with a drink while standing in front of a building. Throughout the video, there are multiple shots of the woman eating ice cream and people holding drinks and disposable cups."
    },
    {
        "webVideoUrl": "https://www.tiktok.com/@thesnuzplug/video/7358005727237066017",
        "mediaUrls/0": "https://api.apify.com/v2/key-value-stores/Gc3PJ9YfuUwmt3Bcw/records/video-thesnuzplu-20240415082219-7358005727237066017",
        "authorMeta/heart": 1400000,
        "shareCount": 15000,
        "commentCount": 730,
        "playCount": 334300,
        "videoMeta/duration": 9,
        "searchHashtag/name": "nicotinepouches",
        "Desc.": "First, there is a man in a yellow jacket standing next to a stove. Then, a yellow bowl is shown on top of a stack of bowls. Next, the man in the yellow jacket is seen on a television with other people in the background. A man with glasses and a red shirt is standing next to a white fridge. After that, the man in the yellow jacket is on a black background with another person."
    },
    {
        "webVideoUrl": "https://www.tiktok.com/@snus.town/video/7252402793653341467",
        "mediaUrls/0": "https://api.apify.com/v2/key-value-stores/Gc3PJ9YfuUwmt3Bcw/records/video-snustown-20230705182658-7252402793653341467",
        "authorMeta/heart": 3300000,
        "shareCount": 5942,
        "commentCount": 336,
        "playCount": 619600,
        "videoMeta/duration": 10,
        "searchHashtag/name": "nicotinepouches",
        "Desc.": "The video shows a person opening an insulated cooler. They first show a close-up of the cooler's handles. Then, they demonstrate opening the cooler by placing their hand on the handle and pulling it. They show the cooler's contents, including a variety of plastic bags. They repeat the opening process, showing the person's hands and arms. Finally, they show the person closing the cooler. The video is given in seconds and has various dense captions describing the objects and people in the scene."
    },
    {
        "webVideoUrl": "https://www.tiktok.com/@thesnuzplug/video/7335802967393717536",
        "mediaUrls/0": "https://api.apify.com/v2/key-value-stores/Gc3PJ9YfuUwmt3Bcw/records/video-thesnuzplu-20240215122251-7335802967393717536",
        "authorMeta/heart": 1400000,
        "shareCount": 3430,
        "commentCount": 285,
        "playCount": 280400,
        "videoMeta/duration": 9,
        "searchHashtag/name": "nicotinepouches",
        "Desc.": "First, the video shows a man in glasses with a mustache and a scar above his eyebrow talking to someone who is out of focus. Next, the camera focuses on the man's face. He is talking to someone who is out of focus again. Then, the video shows the man again, this time looking at something with a serious expression. The person he is talking to is out of focus. After that, the camera focuses on the man's face again, and he is wearing glasses with a serious expression. The person he is talking to is still out of focus. Finally, the video shows the man talking to someone again, and the person he is talking to is out of focus. The video ends with the man talking to someone who is out of focus."
    },
    {
        "webVideoUrl": "https://www.tiktok.com/@snus.town/video/7280516962529201440",
        "mediaUrls/0": "https://api.apify.com/v2/key-value-stores/Gc3PJ9YfuUwmt3Bcw/records/video-snustown-20230919124417-7280516962529201440",
        "authorMeta/heart": 3300000,
        "shareCount": 3491,
        "commentCount": 156,
        "playCount": 635700,
        "videoMeta/duration": 7,
        "searchHashtag/name": "nicotinepouches",
        "Desc.": "First, we see a woman holding a bowl of salad and drinking orange juice. Next, the video switches to a young woman sitting in a restaurant eating a bowl of ramen. We can see the noodles in the bowl, and there is a cup of orange juice and a pink bowl on the table. Then, the video shows a woman sitting in a restaurant eating ramen noodles. We can see a white plate with orange juice and a small plate with food on it. There is also a bowl of fruit on the table, and the woman is drinking tea. Next, we see a young woman eating ramen noodles in a restaurant. She is wearing a red shirt and has a bowl of fruit in front of her. The video then shows the woman sitting in a restaurant eating food from a bowl. There is a white plate in front of her with a cup of orange juice. Finally, we see a woman sitting in a restaurant eating food from a bowl. There is a plate of food in front of her, and she is drinking a cup of tea."
    },
    {
        "webVideoUrl": "https://www.tiktok.com/@thesnuzplug/video/7329130688941133089",
        "mediaUrls/0": "https://api.apify.com/v2/key-value-stores/Gc3PJ9YfuUwmt3Bcw/records/video-thesnuzplu-20240128125050-7329130688941133089",
        "authorMeta/heart": 1400000,
        "shareCount": 2718,
        "commentCount": 110,
        "playCount": 119400,
        "videoMeta/duration": 6,
        "searchHashtag/name": "nicotinepouches",
        "Desc.": "In the video, we see a young man or boy wearing headphones. There are many different scenarios depicted in the video, with different objects, locations, and even people appearing in each frame. Here are the descriptions of the objects, locations, and people that appear in each frame, along with their locations and sizes:\n\n1. The video begins with a black screen.\n2. We see a young man or boy wearing headphones.\n3. A young man wearing headphones is sitting on a couch.\n4. We see a young man or boy in a dark room.\n5. We see a young man or boy wearing headphones sitting in front of a window.\n6. A young man is seen wearing headphones, and he looks at the camera.\n7. A young man is shown wearing headphones and smiling.\n8. A young man wearing headphones is sitting in a dark room with a red and green spotlight.\n9. A young man is shown wearing headphones and standing near a couch.\n10. A young man wearing headphones is standing near a couch with a red and green light on it.\n11. A young man is shown wearing headphones and looking at the camera.\n12. A young man wearing headphones is standing in front of a fire"
    },
    {
        "webVideoUrl": "https://www.tiktok.com/@snus.town/video/7296974316627905825",
        "mediaUrls/0": "https://api.apify.com/v2/key-value-stores/Gc3PJ9YfuUwmt3Bcw/records/video-snustown-20231102210713-7296974316627905825",
        "authorMeta/heart": 3300000,
        "shareCount": 8341,
        "commentCount": 1476,
        "playCount": 3000000,
        "videoMeta/duration": 8,
        "searchHashtag/name": "nicotinepouches",
        "Desc.": "The video is demonstrating the process of making an egg sandwich. First, the video shows a man putting a carton of orange juice on the door. Then, he puts an egg in a bowl and uses a pan with an egg in it. After that, he puts an egg on a plate with a piece of meat, a plate with a picture of eggs on it, and a plate with a picture of an egg on it. Finally, the video shows the man putting an egg in a pan and cooking it in a pan with an egg on it."
    },
    {
        "webVideoUrl": "https://www.tiktok.com/@snuswebeu/video/6944797653238648070",
        "mediaUrls/0": "https://api.apify.com/v2/key-value-stores/Gc3PJ9YfuUwmt3Bcw/records/video-snuswebeu-20210328200151-6944797653238648070",
        "authorMeta/heart": 1000000,
        "shareCount": 2694,
        "commentCount": 271,
        "playCount": 616500,
        "videoMeta/duration": 25,
        "searchHashtag/name": "nicotinepouches",
        "Desc.": "First, a soccer team plays on a grassy field, wearing different colored shirts and shorts. Then, a soccer team plays on a field with different colored jerseys. Next, a soccer team plays on a green grass field, and a man with a backpack stands near a building. The team is shown in a variety of uniforms and kits. A soccer game is being played in a stadium, and the players are shown wearing different jerseys and kits. The game is being played in the daytime, and a person is seen walking through a dark doorway. The game is being played in a football stadium, and the players are shown wearing different jerseys and kits. Then, a team is shown in different jerseys and kits on a field, and a person is seen walking through a doorway. A person is seen standing in a dark building, and the team is shown playing a soccer game in a stadium. The game is being played in the daytime, and a player is shown running down the field. A soccer game is being played on a field, and the players are shown wearing different jerseys and kits. A person is seen standing in a doorway, and the team is shown playing on a field. Then, a soccer player is seen kicking the ball, and the team is shown wearing"
    },
    {
        "webVideoUrl": "https://www.tiktok.com/@nictopia_uk/video/7338355262274751777",
        "mediaUrls/0": "https://api.apify.com/v2/key-value-stores/Gc3PJ9YfuUwmt3Bcw/records/video-nictopia_u-20240222092627-7338355262274751777",
        "authorMeta/heart": 199900,
        "shareCount": 4879,
        "commentCount": 538,
        "playCount": 3300000,
        "videoMeta/duration": 11,
        "searchHashtag/name": "nicotinepouches",
        "Desc.": "Error: Error reading /home/ravi/tiktok/data/tiktok-nicotinepouches/7338355262274751777.mp4..."
    },
    {
        "webVideoUrl": "https://www.tiktok.com/@haleywag666/video/7053114530506837294",
        "mediaUrls/0": "https://api.apify.com/v2/key-value-stores/Gc3PJ9YfuUwmt3Bcw/records/video-haleywag66-20220114172638-7053114530506837294",
        "authorMeta/heart": 361000,
        "shareCount": 606,
        "commentCount": 108,
        "playCount": 267200,
        "videoMeta/duration": 5,
        "searchHashtag/name": "nicotinepouches",
        "Desc.": "The video lasts for 49 seconds. In the beginning, a young woman is looking at a camera while sitting at a desk. She has blue glasses and is wearing a blue sweater. The desk has a blue chair and a laptop on it. The camera also shows a clock on the desk, which reads 10:50. The next frame shows the same woman but with a different outfit. She is now wearing green glasses and a blue sweater. She is still looking at the camera while sitting at a different desk. The new desk has a black chair and a phone on it. The woman is still wearing the same outfit, but the camera now shows her standing and looking at the same desk. Then, she is sitting at the desk again, still wearing the same outfit. In the next frame, she is again standing and looking at the desk. She is wearing a green sweater and the camera now shows a clock on the wall that reads 11:20. In the final frame, the woman is still standing and looking at the desk, but she is wearing different blue glasses."
    },
    {
        "webVideoUrl": "https://www.tiktok.com/@snus.town/video/7244220912625552666",
        "mediaUrls/0": "https://api.apify.com/v2/key-value-stores/Gc3PJ9YfuUwmt3Bcw/records/video-snustown-20230613171704-7244220912625552666",
        "authorMeta/heart": 3300000,
        "shareCount": 2690,
        "commentCount": 272,
        "playCount": 367800,
        "videoMeta/duration": 9,
        "searchHashtag/name": "nicotinepouches",
        "Desc.": "First, the video starts with a person holding a glass jar of pickle in their hand. Then, the person takes a closer look at the pickle jar and touches it. Next, the person continues to look at the pickle jar, and they are holding a glass jar of pickle with their hands. Then, the person pulls out a cup of pickle and a glass jar of pickle from the refrigerator. Later, the person puts a pink and white cup of pickle on the table. Finally, the video ends with the person putting a pink cup of pickle on a table."
    },
    {
        "webVideoUrl": "https://www.tiktok.com/@snus_lovers_official/video/7210366308104326405",
        "mediaUrls/0": "https://api.apify.com/v2/key-value-stores/Gc3PJ9YfuUwmt3Bcw/records/video-snus_lover-20230314114352-7210366308104326405",
        "authorMeta/heart": 336800,
        "shareCount": 9348,
        "commentCount": 542,
        "playCount": 627000,
        "videoMeta/duration": 34,
        "searchHashtag/name": "nicotinepouches",
        "Desc.": "The video shows various scenes of men and women wearing black clothes walking in an industrial building. In the beginning, the camera shows the exterior of the building with a man in black walking out of it. Then, the camera moves inside to show people wearing black clothes working in a factory. There are several scenes where the people are walking in the factory, and the camera captures the scenes in various angles. Towards the end of the video, there are scenes of men and women walking in a hallway with grey walls and black clothing. Throughout the video, there are also scenes of bottles and kettles on a kitchen counter, a grey and white room, a yellow and black chair, a grey and white cabinet, a grey and white counter, a grey and white refrigerator, a grey and black computer, and a grey and black desk."
    },
    {
        "webVideoUrl": "https://www.tiktok.com/@snusel.gr/video/7270927202735115553",
        "mediaUrls/0": "https://api.apify.com/v2/key-value-stores/Gc3PJ9YfuUwmt3Bcw/records/video-snuselgr-20230824163107-7270927202735115553",
        "authorMeta/heart": 917100,
        "shareCount": 5909,
        "commentCount": 136,
        "playCount": 266400,
        "videoMeta/duration": 7,
        "searchHashtag/name": "nicotinepouches",
        "Desc.": "First, a bag is opened and two eggs are put inside. Then, a woman's hands put toiletries in a suitcase. The suitcase is zipped, and the bag with toiletries is put in the suitcase. Next, a woman is seen putting the suitcase on the floor with toiletries inside. Then, a woman's hands put dirty socks in a suitcase. A black suitcase is shown on the floor with a bag and toiletries inside. Finally, a person is seen putting dirty socks in a suitcase on the floor."
    },
    {
        "webVideoUrl": "https://www.tiktok.com/@deluxenicopods/video/7269895852435574049",
        "mediaUrls/0": "https://api.apify.com/v2/key-value-stores/Gc3PJ9YfuUwmt3Bcw/records/video-deluxenico-20230821214901-7269895852435574049",
        "authorMeta/heart": 343800,
        "shareCount": 28400,
        "commentCount": 1323,
        "playCount": 865000,
        "videoMeta/duration": 9,
        "searchHashtag/name": "nicotinepouches",
        "Desc.": "In this video, there are several events happening, including a nightclub, dancing, people dancing, a man dancing, a person dancing, a white man in a purple shirt, and a person with dark hair. Some of the specific actions that people are doing include dancing, doing a dance, having fun, and wearing a white dress. The video also includes objects such as a table, a couch, a man's suit, and a white table. Throughout the video, people are enjoying themselves and having fun at a nightclub."
    },
    {
        "webVideoUrl": "https://www.tiktok.com/@thesnuzplug/video/7348367607810116896",
        "mediaUrls/0": "https://api.apify.com/v2/key-value-stores/Gc3PJ9YfuUwmt3Bcw/records/video-thesnuzplu-20240320090139-7348367607810116896",
        "authorMeta/heart": 1400000,
        "shareCount": 16600,
        "commentCount": 577,
        "playCount": 395900,
        "videoMeta/duration": 13,
        "searchHashtag/name": "nicotinepouches",
        "Desc.": "In the first 13 seconds of the video, a man is sitting on a street corner in a black trash bag, wearing a yellow jacket. He has a piece of bread in his hand and looks uncomfortable. The street and road are empty, and there are no other people in sight. The man has a yellow glove on his hand, and his eyes are closed. There is a black chair next to him on the sidewalk, and a stop sign is nearby."
    },
    {
        "webVideoUrl": "https://www.tiktok.com/@snus.town/video/7298390415328283936",
        "mediaUrls/0": "https://api.apify.com/v2/key-value-stores/Gc3PJ9YfuUwmt3Bcw/records/video-snustown-20231106164223-7298390415328283936",
        "authorMeta/heart": 3300000,
        "shareCount": 2232,
        "commentCount": 831,
        "playCount": 538400,
        "videoMeta/duration": 8,
        "searchHashtag/name": "nicotinepouches",
        "Desc.": "First, the video begins with a man wearing a baseball cap holding a baseball. Next, the man shows off his baseball skills by catching a baseball with his glove and catching a baseball with his hand. Then, the man throws a baseball and the ball is caught by a man wearing a hat. After that, the man catches a baseball with his glove again and throws a baseball. Following that, the man shows off his baseball skills by catching a baseball with his glove and catches a baseball with his hand again. The video then shows a man playing with a ball. Then, the man catches a baseball with his glove and throws a baseball. Finally, the man catches a baseball with his glove again and the video ends."
    },
    {
        "webVideoUrl": "https://www.tiktok.com/@canadiandose/video/7303298476723457286",
        "mediaUrls/0": "https://api.apify.com/v2/key-value-stores/Gc3PJ9YfuUwmt3Bcw/records/video-canadiando-20231119220820-7303298476723457286",
        "authorMeta/heart": 319600,
        "shareCount": 1256,
        "commentCount": 577,
        "playCount": 398500,
        "videoMeta/duration": 53,
        "searchHashtag/name": "nicotinepouches",
        "Desc.": "First, the video starts with a man and woman standing in front of a convenience store. Next, they open a pack of cigarettes and remove the wrapping. Then, the video cuts to a man smoking a cigarette in the store. After that, the man takes a puff on his cigarette while standing in front of the convenience store. Later, the video shows the man standing in front of the store and blowing a cigarette while talking to a friend. In the next scene, a man and woman are standing in front of a store and the man takes a puff on his cigarette while talking to the woman. The video then cuts to the same couple standing in front of a store again, with the man taking a puff on his cigarette. Finally, the video shows the same man standing in front of the store again, this time with a bag of cigarettes in his hand and the woman standing in front of him. Throughout the video, the background is a convenience store and the objects in the scene include cigarettes, a lighter, a pack of cigarettes, and a red sign."
    },
    {
        "webVideoUrl": "https://www.tiktok.com/@snus.town/video/7278034750151986465",
        "mediaUrls/0": "https://api.apify.com/v2/key-value-stores/Gc3PJ9YfuUwmt3Bcw/records/video-snustown-20230912201202-7278034750151986465",
        "authorMeta/heart": 3300000,
        "shareCount": 16600,
        "commentCount": 234,
        "playCount": 664800,
        "videoMeta/duration": 10,
        "searchHashtag/name": "nicotinepouches",
        "Desc.": "In this video, we see a series of vintage photographs and other media from World War I. These media range from vintage news articles and photographs to black and white pictures. Throughout the video, we see different events and aspects of war, such as soldiers wearing masks and sitting on a bench, people having lunch with cups of coffee, and soldiers sitting in trenches."
    },
    {
        "webVideoUrl": "https://www.tiktok.com/@glish666666/video/7288030218500050181",
        "mediaUrls/0": "https://api.apify.com/v2/key-value-stores/Gc3PJ9YfuUwmt3Bcw/records/video-glish66666-20231009183931-7288030218500050181",
        "authorMeta/heart": 1900000,
        "shareCount": 8208,
        "commentCount": 476,
        "playCount": 1300000,
        "videoMeta/duration": 5,
        "searchHashtag/name": "nicotinepouches",
        "Desc.": "In this video, a young woman is smoking a cigarette while sitting on her bed. She also has a phone and is talking on it. Throughout the video, the young woman takes deep breaths and appears to be smoking. She is wearing a t-shirt and shorts. The background is mostly dark, with a small light on the wall."
    },
    {
        "webVideoUrl": "https://www.tiktok.com/@thesnuzplug/video/7333245876502138144",
        "mediaUrls/0": "https://api.apify.com/v2/key-value-stores/Gc3PJ9YfuUwmt3Bcw/records/video-thesnuzplu-20240208150014-7333245876502138144",
        "authorMeta/heart": 1400000,
        "shareCount": 778,
        "commentCount": 124,
        "playCount": 129300,
        "videoMeta/duration": 7,
        "searchHashtag/name": "nicotinepouches",
        "Desc.": "First, the teacher is standing in front of a classroom filled with empty chairs. Next, the teacher is addressing a classroom full of students while standing in front of empty chairs. Then, the teacher is standing in front of a classroom full of students who are sitting at their desks. The teacher is talking to the students. Next, the teacher is still talking to the students in the classroom. Then, the teacher is giving a lecture to the students. After that, the teacher is talking to a group of students in the classroom. The teacher is standing in front of the students who are sitting in their chairs. Next, the teacher is talking to the students in the classroom again. Then, the teacher is talking to a group of students in the classroom again. Finally, the teacher is standing in front of a classroom full of students who are sitting at their desks again."
    },
    {
        "webVideoUrl": "https://www.tiktok.com/@thesnuzplug/video/7341066313613298977",
        "mediaUrls/0": "https://api.apify.com/v2/key-value-stores/Gc3PJ9YfuUwmt3Bcw/records/video-thesnuzplu-20240229164649-7341066313613298977",
        "authorMeta/heart": 1400000,
        "shareCount": 5519,
        "commentCount": 415,
        "playCount": 706100,
        "videoMeta/duration": 6,
        "searchHashtag/name": "nicotinepouches",
        "Desc.": "First, a woman is sitting on the bed, drinking water from a blue bottle. Next, she is sitting on the bed again, looking at her phone while she drinks water. Then, the woman is standing in the room with the bed and holding a bottle of water. After that, the woman is sitting on the bed while drinking water. She is then sitting in bed again while drinking water. Finally, the woman is on the bed, drinking water from a bottle, and she is still drinking water."
    },
    {
        "webVideoUrl": "https://www.tiktok.com/@snatchcz/video/7124218646133574917",
        "mediaUrls/0": "https://api.apify.com/v2/key-value-stores/Gc3PJ9YfuUwmt3Bcw/records/video-snatchcz-20220725080704-7124218646133574917",
        "authorMeta/heart": 79100,
        "shareCount": 2062,
        "commentCount": 391,
        "playCount": 312000,
        "videoMeta/duration": 36,
        "searchHashtag/name": "nicotinepouches",
        "Desc.": "First, we see a man talking into a microphone in front of a green screen. He wears a black and white sweater and is wearing glasses. Next, we see the man sitting in a studio in front of a green screen. He continues talking into a microphone and wearing glasses. Then, he changes positions in the studio and the background stays the same."
    },
    {
        "webVideoUrl": "https://www.tiktok.com/@thesnuzplug/video/7329516509942926625",
        "mediaUrls/0": "https://api.apify.com/v2/key-value-stores/Gc3PJ9YfuUwmt3Bcw/records/video-thesnuzplu-20240129134845-7329516509942926625",
        "authorMeta/heart": 1400000,
        "shareCount": 3062,
        "commentCount": 436,
        "playCount": 280400,
        "videoMeta/duration": 9,
        "searchHashtag/name": "nicotinepouches",
        "Desc.": "First, we see a close-up of a man's face. Next, we see a masked man's face. Then, we see a man with a black helmet. In the following scene, we see a man in a black helmet with a white mask. The video then shows us a man in a black helmet and mask with a black shirt and blue sunglasses. Following that, we see a man in a black helmet and mask wearing a green shirt. In the next scene, we see a man in a black helmet and mask with a black and white shirt. We then see a man in a black helmet and mask with a black shirt and black pants. After that, we see a man in a black helmet and mask with a black shirt and black pants. Next, we see a man in a black helmet and mask with a black shirt and brown pants. Finally, we see a man in a black helmet and mask with a black shirt and brown pants. Throughout the video, we see several men wearing masks and helmets."
    }
]